--****  INSERT INTO FAMILIES ****--
INSERT INTO FAMILIES VALUES(1,'Smith',3);
INSERT INTO FAMILIES VALUES(2,'Johnson',3);
INSERT INTO FAMILIES VALUES(3,'Williams',4);
INSERT INTO FAMILIES VALUES(4,'Brown',2);
INSERT INTO FAMILIES VALUES(5,'Jones',4);
INSERT INTO FAMILIES VALUES(6,'Miller',3);
INSERT INTO FAMILIES VALUES(7,'Davis',5);
INSERT INTO FAMILIES VALUES(8,'Garcia',4);
INSERT INTO FAMILIES VALUES(9,'Rodriguez',5);
INSERT INTO FAMILIES VALUES(10,'Wilson',3);
INSERT INTO FAMILIES VALUES(11,'Martinez',4);
INSERT INTO FAMILIES VALUES(12,'Anderson',2);
INSERT INTO FAMILIES VALUES(13,'Taylor',2);
INSERT INTO FAMILIES VALUES(14,'Thomas',5);
INSERT INTO FAMILIES VALUES(15,'Hernandez',5);
INSERT INTO FAMILIES VALUES(16,'Moore',2);
INSERT INTO FAMILIES VALUES(17,'Martin',3);
INSERT INTO FAMILIES VALUES(18,'Jackson',4);
INSERT INTO FAMILIES VALUES(19,'Thompson',6);
INSERT INTO FAMILIES VALUES(20,'White',3);
--**** END INSERT INTO FAMILIES ****--

--**** INSERT INTO CUSTOMERS ****--
INSERT INTO CUSTOMERS VALUES (1,'John Smith',TO_DATE('01-12-1970','MM-DD-YYYY'),'Male','Married','Electrician','123-44-3319','Y','jsmith@gmail.com',1);
INSERT INTO CUSTOMERS VALUES (2,'Mary Smith',TO_DATE('07-14-1972','MM-DD-YYYY'),'Female','Married','Engineer','096-32-2239','Y','merrysmith@gmail.com',1);
INSERT INTO CUSTOMERS VALUES (3,'Ben Joshnson',TO_DATE('04-23-1989','MM-DD-YYYY'),'Male','Married','Trainer','124-78-9083','Y','benjohn@gmail.com',2);
INSERT INTO CUSTOMERS VALUES (4,'Isabella Johnson',TO_DATE('05-04-1987','MM-DD-YYYY'),'Female','Married','Dietician','131-34-3849','Y','bellaj@gmail.com',2);
INSERT INTO CUSTOMERS VALUES (5,'Serena Williams',TO_DATE('08-12-1982','MM-DD-YYYY'),'Female','Single','Athlete','142-32-2479','Y','swilliams@gmail.com',3);
INSERT INTO CUSTOMERS VALUES (6,'Christopher Brown',TO_DATE('09-12-1992','MM-DD-YYYY'),'Male','Married','Author','132-45-1398','Y','cbrown@gmail.com',4);
INSERT INTO CUSTOMERS VALUES (7,'Thomas Brown',TO_DATE('01-12-1991','MM-DD-YYYY'),'Male','Married','Barista','849-12-0296','Y','bthomas@gmail.com',4);
INSERT INTO CUSTOMERS VALUES (8,'Alex Jones',TO_DATE('01-12-1968','MM-DD-YYYY'),'Male','Divorced','Show Host','312-64-0384','Y','realalexjones@gmail.com',5);
INSERT INTO CUSTOMERS VALUES (9,'Ezra Miller',TO_DATE('01-01-1994','MM-DD-YYYY'),'Male','Single','Actor','132-65-3284','Y', 'ezmills@gmail.com',6);
INSERT INTO CUSTOMERS VALUES (10,'Emmanuel Davis',TO_DATE('06-25-1989','MM-DD-YYYY'),'Male','Married','Editor','234-04-3943','Y','emd@gmail.com',7);
INSERT INTO CUSTOMERS VALUES (11,'Jemma Davis',TO_DATE('03-22-1988','MM-DD-YYYY'),'Female','Married','Teacher','642-32-0495','Y','jemd@gmail.com',7);
INSERT INTO CUSTOMERS VALUES (12,'Kaylee Davis',TO_DATE('05-23-2001','MM-DD-YYYY'),'Female','Single','Student','342-63-3319','Y','kayleed@gmail.com',7);
INSERT INTO CUSTOMERS VALUES (13,'Fernando Garcia',TO_DATE('01-12-1997','MM-DD-YYYY'),'Male','Married','Musician','346-44-3319','Y','fernandgarcia@gmail.com',8);
INSERT INTO CUSTOMERS VALUES (14,'Ezmeralda Garcia',TO_DATE('01-12-2000','MM-DD-YYYY'),'Female','Married','Painter','845-23-8473','Y','emgarcia@gmail.com',8);
INSERT INTO CUSTOMERS VALUES (15,'Jose Rodriguez',TO_DATE('07-24-1997','MM-DD-YYYY'),'Male','Married','Doctor','892-14-2034','Y','jrod@gmail.com',9);
INSERT INTO CUSTOMERS VALUES (16,'Camila Rodriguez',TO_DATE('01-12-1985','MM-DD-YYYY'),'Female','Married','Engineer','839-23-0123','Y','crod@gmail.com',9);
INSERT INTO CUSTOMERS VALUES (17,'Owen Wilson',TO_DATE('01-12-1965','MM-DD-YYYY'),'Male','Single','Actor','283-45-3319','Y','wilsonowen@gmail.com',10);
INSERT INTO CUSTOMERS VALUES (18,'David Martinez',TO_DATE('04-23-1996','MM-DD-YYYY'),'Male','Married','CS','293-26-0493','Y','dmartin@gmail.com',11);
INSERT INTO CUSTOMERS VALUES (19,'Lucy Martinez',TO_DATE('12-8-1994','MM-DD-YYYY'),'Female','Married','Programmer','123-94-3319','Y','lucky@gmail.com',11);
INSERT INTO CUSTOMERS VALUES (20,'Jeremy Anderson',TO_DATE('11-15-1987','MM-DD-YYYY'),'Male','Married','Landscaper','378-63-4893','Y','janders@gmail.com',12);
INSERT INTO CUSTOMERS VALUES (21,'Abigail Anderson',TO_DATE('01-12-1985','MM-DD-YYYY'),'Female','Married','Florist','824-44-8625','Y','abbyanders@gmail.com',12);
INSERT INTO CUSTOMERS VALUES (22,'Rebecca Taylor',TO_DATE('01-12-1998','MM-DD-YYYY'),'Female','Married','Accountant','928-32-0283','Y','beccat@gmail.com',13);
INSERT INTO CUSTOMERS VALUES (23,'Samantha Taylor',TO_DATE('12-03-1998','MM-DD-YYYY'),'Female','Married','Designer','034-19-6273','Y','sammyt@gmail.com',13);
INSERT INTO CUSTOMERS VALUES (24,'Richard Thomas',TO_DATE('09-15-19','MM-DD-YYYY'),'Male','Married','Engineer','123-44-3319','Y','tommyricky@gmail.com',13);
INSERT INTO CUSTOMERS VALUES (25,'Billy Thomas',TO_DATE('01-12-1985','MM-DD-YYYY'),'Male','Divorced','Technician','836-09-2253','Y','billt@gmail.com',14);
INSERT INTO CUSTOMERS VALUES (26,'Diego Hernandez',TO_DATE('09-14-1989','MM-DD-YYYY'),'Male','Married','Architect','839-64-9940','Y','mdiego@gmail.com',15);
INSERT INTO CUSTOMERS VALUES (27,'Skylar Hernandez',TO_DATE('03-12-1989','MM-DD-YYYY'),'Female','Married','Manager','338-32-3384','Y','hersky@gmail.com',15);
INSERT INTO CUSTOMERS VALUES (28,'Amanda Moore',TO_DATE('12-23-1997','MM-DD-YYYY'),'Female','Married','Student','003-28-3844','Y','amore@gmail.com',16);
INSERT INTO CUSTOMERS VALUES (29,'Olivia Moore',TO_DATE('08-30-1994','MM-DD-YYYY'),'Female','Married','VFX Artist','930-90-7739','Y','mooreolives@gmail.com',16);
INSERT INTO CUSTOMERS VALUES (30,'Mathew Martin',TO_DATE('04-26-1967','MM-DD-YYYY'),'Male','Married','Retired','483-19-1189','Y','matmart@gmail.com',17);
INSERT INTO CUSTOMERS VALUES (31,'Grace Martin',TO_DATE('02-02-1969','MM-DD-YYYY'),'Female','Married','Retired','343-77-2033','Y','gmartin@gmail.com',17);
INSERT INTO CUSTOMERS VALUES (32,'Hunter Jackson',TO_DATE('01-02-1975','MM-DD-YYYY'),'Male','Married','Mechanic','436-11-1132','Y','jacksonhunter@gmail.com',18);
INSERT INTO CUSTOMERS VALUES (33,'Miranda Jackson',TO_DATE('06-30-1979','MM-DD-YYYY'),'Female','Married','Teacher','323-83-9003','Y','jacksonmiranda@gmail.com',18);
INSERT INTO CUSTOMERS VALUES (34,'Jeffery Jackson',TO_DATE('12-12-1998','MM-DD-YYYY'),'Male','Single','Reporter','234-12-0038','Y','jj@gmail.com',18);
INSERT INTO CUSTOMERS VALUES (35,'Peter Jackson',TO_DATE('10-31-2003','MM-DD-YYYY'),'Male','Single','Student','594-94-7748','Y','pj@gmail.com',18);
INSERT INTO CUSTOMERS VALUES (36,'Willard Thompson',TO_DATE('10-13-1960','MM-DD-YYYY'),'Male','Married','Retired','345-18-5594','Y','willthomps@gmail.com',19);
INSERT INTO CUSTOMERS VALUES (37,'Ava Thompson',TO_DATE('05-30-1961','MM-DD-YYYY'),'Female','Married','Retired','234-66-3299','Y','avathomps@gmail.com',19);
INSERT INTO CUSTOMERS VALUES (38,'Samantha Thompson',TO_DATE('12-24-1994','MM-DD-YYYY'),'Female','Married','Professor','489-33-3119','Y','tsamantha@gmail.com',19);
INSERT INTO CUSTOMERS VALUES (39,'James Thompson',TO_DATE('07-23-1992','MM-DD-YYYY'),'Male','Married','Physicist','383-90-0339','Y','tjames@gmail.com',19);
INSERT INTO CUSTOMERS VALUES (40,'Elliot Thompson',TO_DATE('11-23-1997','MM-DD-YYYY'),'Male','Married','Engineer','324-11-3844','Y','etom@gmail.com',19);
INSERT INTO CUSTOMERS VALUES (41,'Stephan Thompson',TO_DATE('02-05-1997','MM-DD-YYYY'),'Male','Married','Web Design','838-28-9388','Y','stethom@gmail.com',19);
INSERT INTO CUSTOMERS VALUES (42,'Walter White',TO_DATE('12-18-1970','MM-DD-YYYY'),'Male','Divorced','Chemist','103-39-1195','Y','heisenburg@gmail.com',20);
INSERT INTO CUSTOMERS VALUES (43,'Skylar White',TO_DATE('05-30-1971','MM-DD-YYYY'),'Female','Divorced','Accountant','399-43-2298','Y','skywhite@gmail.com',20);
INSERT INTO CUSTOMERS VALUES (44,'Alexandra Donaldson',TO_DATE('05-19-1999','MM-DD-YYYY'),'Female','Single','Student','111-33-3288','Y','lexidon@gmail.com', NULL);
INSERT INTO CUSTOMERS VALUES (45,'Miranda Jones',TO_DATE('08-23-1959','MM-DD-YYYY'),'Female','Widowed','Retired','443-99-0490','Y','mj@gmail.com', NULL);
INSERT INTO CUSTOMERS VALUES (46,'Timothy Leonard',TO_DATE('08-21-1989','MM-DD-YYYY'),'Male','Single','Crypto','899-00-9033','Y','timle@gmail.com', NULL);
INSERT INTO CUSTOMERS VALUES (47,'Angela Starling',TO_DATE('02-17-1997','MM-DD-YYYY'),'Female','Single','Programmer','324-92-0039','Y','starangel@gmail.com', NULL);
INSERT INTO CUSTOMERS VALUES (48,'Dalton Reeves',TO_DATE('10-23-1983','MM-DD-YYYY'),'Male','Single','Analyst','445-21-3384','Y','redalt@gmail.com', NULL);
INSERT INTO CUSTOMERS VALUES (49,'Rick Deckard',TO_DATE('12-22-1980','MM-DD-YYYY'),'Male','Single','Officer','993-79-2932','Y','b23654@gmail.com', NULL);
INSERT INTO CUSTOMERS VALUES (50,'Joe Kay',TO_DATE('12-25-2019','MM-DD-YYYY'),'Male','Single','Officer','394-39-0392','Y','kd637@gmail.com', NULL);
--**** END INSERT INTO CUSTOMERS ****--

--**** INSERT INTO PHONES ****--
INSERT INTO PHONES VALUES(1,'703156396035','cell');
INSERT INTO PHONES VALUES(2,'703488359107','cell');
INSERT INTO PHONES VALUES(3,'703228004973','cell');
INSERT INTO PHONES VALUES(4,'703173691370','cell');
INSERT INTO PHONES VALUES(5,'703766270298','cell');
INSERT INTO PHONES VALUES(6,'703665609581','cell');
INSERT INTO PHONES VALUES(7,'703386925178','cell');
INSERT INTO PHONES VALUES(8,'703951975902','cell');
INSERT INTO PHONES VALUES(8,'703102602407','work');
INSERT INTO PHONES VALUES(9,'703463976874','cell');
INSERT INTO PHONES VALUES(9,'703307454053','home');
INSERT INTO PHONES VALUES(10,'703948371374','cell');
INSERT INTO PHONES VALUES(11,'703524451446','cell');
INSERT INTO PHONES VALUES(12,'703553038536','cell');
INSERT INTO PHONES VALUES(13,'703705222772','cell');
INSERT INTO PHONES VALUES(13,'703562608838','home');
INSERT INTO PHONES VALUES(14,'703233817961','cell');
INSERT INTO PHONES VALUES(15,'703299230397','cell');
INSERT INTO PHONES VALUES(16,'703723126517','cell');
INSERT INTO PHONES VALUES(16,'703759257320','work');
INSERT INTO PHONES VALUES(17,'703150543675','cell');
INSERT INTO PHONES VALUES(17,'703291658012','home');
INSERT INTO PHONES VALUES(18,'703480948542','cell');
INSERT INTO PHONES VALUES(18,'703545254810','home');
INSERT INTO PHONES VALUES(19,'703670041171','cell');
INSERT INTO PHONES VALUES(20,'703825247372','cell');
INSERT INTO PHONES VALUES(21,'703277118365','cell');
INSERT INTO PHONES VALUES(21,'703364968263','work');
INSERT INTO PHONES VALUES(22,'703121731591','cell');
INSERT INTO PHONES VALUES(23,'703898918996','cell');
INSERT INTO PHONES VALUES(24,'703349714730','cell');
INSERT INTO PHONES VALUES(25,'703679378576','cell');
INSERT INTO PHONES VALUES(26,'703602443414','cell');
INSERT INTO PHONES VALUES(27,'703596375937','cell');
INSERT INTO PHONES VALUES(28,'703110718483','cell');
INSERT INTO PHONES VALUES(29,'703800505211','cell');
INSERT INTO PHONES VALUES(30,'703470345154','cell');
INSERT INTO PHONES VALUES(30,'703595561764','work');
INSERT INTO PHONES VALUES(31,'703485793587','cell');
INSERT INTO PHONES VALUES(32,'703771840707','cell');
INSERT INTO PHONES VALUES(33,'703473121449','cell');
INSERT INTO PHONES VALUES(33,'703139913085','home');
INSERT INTO PHONES VALUES(34,'703016589886','cell');
INSERT INTO PHONES VALUES(35,'703674582694','cell');
INSERT INTO PHONES VALUES(36,'703362167234','cell');
INSERT INTO PHONES VALUES(37,'703573596826','cell');
INSERT INTO PHONES VALUES(38,'703506745954','cell');
INSERT INTO PHONES VALUES(39,'703505779333','cell');
INSERT INTO PHONES VALUES(40,'703370823705','cell');
INSERT INTO PHONES VALUES(41,'703766370513','cell');
INSERT INTO PHONES VALUES(42,'703575892614','cell');
INSERT INTO PHONES VALUES(43,'703590347633','cell');
INSERT INTO PHONES VALUES(44,'703575389889','cell');
INSERT INTO PHONES VALUES(44,'703233448786','work');
INSERT INTO PHONES VALUES(45,'703233665081','cell');
INSERT INTO PHONES VALUES(46,'703626433963','cell');
INSERT INTO PHONES VALUES(47,'703553226925','cell');
INSERT INTO PHONES VALUES(48,'703833115662','cell');
INSERT INTO PHONES VALUES(49,'703061809367','work');
INSERT INTO PHONES VALUES(50,'703355507970','work');
--**** END INSERT INTO PHONES ****--

--**** INSERT INTO ADDRESSES ****--
INSERT INTO ADDRESSES VALUES(1, '10370 Democracy Ln.', 'Apt B324', 'Fairfax', 'Virginia', '22030');
INSERT INTO ADDRESSES VALUES(2, '10370 Demoracy Ln.', 'Apt B324', 'Fairfax', 'Virginia', '22030');
INSERT INTO ADDRESSES VALUES(3, '10370 Democracy Ln.', 'Apt B805', 'Fairfax', 'Virginia', '22030');
INSERT INTO ADDRESSES VALUES(4, '10370 Democracy Ln.', 'Apt B805', 'Fairfax', 'Virginia', '22030');
INSERT INTO ADDRESSES VALUES(5, '10370 Democracy Ln.', 'Apt A053', 'Fairfax', 'Virginia', '22030');
INSERT INTO ADDRESSES VALUES(6, '10370 Democracy Ln.', 'Apt C753', 'Fairfax', 'Virginia', '22030');
INSERT INTO ADDRESSES VALUES(7, '10370 Democracy Ln.', 'Apt C753', 'Fairfax', 'Virginia', '22030');
INSERT INTO ADDRESSES VALUES(8, '10370 Democracy Ln.', 'Apt D643', 'Fairfax', 'Virginia', '22030');
INSERT INTO ADDRESSES VALUES(9, '10370 Democracy Ln.', 'Apt B248', 'Fairfax', 'Virginia', '22030');
INSERT INTO ADDRESSES VALUES(10, '10370 Democracy Ln.', 'Apt A049', 'Fairfax', 'Virginia', '22030');
INSERT INTO ADDRESSES VALUES(11, '10370 Democracy Ln.', 'Apt A049', 'Fairfax', 'Virginia', '22030');
INSERT INTO ADDRESSES VALUES(12, '10370 Democracy Ln.', 'Apt A049', 'Fairfax', 'Virginia', '22030');
INSERT INTO ADDRESSES VALUES(12, '4450 Rivanna River Way', 'PMB0093', 'Fairfax', 'Virginia', '22030');
INSERT INTO ADDRESSES VALUES(13, '10370 Democracy Ln.', 'Apt A493', 'Fairfax', 'Virginia', '22030');
INSERT INTO ADDRESSES VALUES(14, '10370 Democracy Ln.', 'Apt A493', 'Fairfax', 'Virginia', '22030');
INSERT INTO ADDRESSES VALUES(15, '10370 Democracy Ln.', 'Apt D394', 'Fairfax', 'Virginia', '22030');
INSERT INTO ADDRESSES VALUES(16, '10370 Democracy Ln.', 'Apt D394', 'Fairfax', 'Virginia', '22030');
INSERT INTO ADDRESSES VALUES(17, '8394 Sunny Side Dr.', 'N/A', 'Beverly Hills', 'California', '90210');
INSERT INTO ADDRESSES VALUES(18, '47993 Transit St.', 'Apt 2077', 'Night City', 'California', '94088');
INSERT INTO ADDRESSES VALUES(19, '47993 Transit St.', 'Apt 2077', 'Night City', 'California', '94088');
INSERT INTO ADDRESSES VALUES(20, '10370 Democracy Ln.', 'Apt D433', 'Fairfax', 'Virginia', '22030');
INSERT INTO ADDRESSES VALUES(21, '10370 Democracy Ln.', 'Apt D433', 'Fairfax', 'Virginia', '22030');
INSERT INTO ADDRESSES VALUES(22, '10370 Democracy Ln.', 'Apt C044', 'Fairfax', 'Virginia', '22030');
INSERT INTO ADDRESSES VALUES(23, '10370 Democracy Ln.', 'Apt C044', 'Fairfax', 'Virginia', '22030');
INSERT INTO ADDRESSES VALUES(24, '10370 Democracy Ln.', 'Apt C738', 'Fairfax', 'Virginia', '22030');
INSERT INTO ADDRESSES VALUES(25, '10370 Democracy Ln.', 'Apt C738', 'Fairfax', 'Virginia', '22030');
INSERT INTO ADDRESSES VALUES(26, '10370 Democracy Ln.', 'Apt B003', 'Fairfax', 'Virginia', '22030');
INSERT INTO ADDRESSES VALUES(27, '10370 Democracy Ln.', 'Apt B003', 'Fairfax', 'Virginia', '22030');
INSERT INTO ADDRESSES VALUES(28, '10370 Democracy Ln.', 'Apt A884', 'Fairfax', 'Virginia', '22030');
INSERT INTO ADDRESSES VALUES(28, '4450 Rivanna River Way', 'PMB0836', 'Fairfax', 'Virginia', '22030');
INSERT INTO ADDRESSES VALUES(29, '10370 Democracy Ln.', 'Apt A884', 'Fairfax', 'Virginia', '22030');
INSERT INTO ADDRESSES VALUES(30, '10370 Democracy Ln.', 'Apt D033', 'Fairfax', 'Virginia', '22030');
INSERT INTO ADDRESSES VALUES(31, '10370 Democracy Ln.', 'Apt D033', 'Fairfax', 'Virginia', '22030');
INSERT INTO ADDRESSES VALUES(32, '7344 Chamberlan Dr.', 'N/A', 'Fairfax', 'Virginia', '22031');
INSERT INTO ADDRESSES VALUES(33, '7344 Chamberlan Dr.', 'N/A', 'Fairfax', 'Virginia', '22031');
INSERT INTO ADDRESSES VALUES(34, '10370 Democracy Ln.', 'A382', 'Fairfax', 'Virginia', '22030');
INSERT INTO ADDRESSES VALUES(35, '10370 Democracy Ln.', 'A382', 'Fairfax', 'Virginia', '22030');
INSERT INTO ADDRESSES VALUES(35, '4450 Rivanna River Way', 'PMB0237', 'Fairfax', 'Virginia', '22030');
INSERT INTO ADDRESSES VALUES(36, '3400 Waterloo Cr.', 'N/A', 'Loudoun County', 'Virginia', '20148');
INSERT INTO ADDRESSES VALUES(37, '3400 Waterloo Cr.', 'N/A', 'Loudoun County', 'Virginia', '20148');
INSERT INTO ADDRESSES VALUES(38, '4400 University Dr.', 'N/A', 'Fairfax', 'Virginia', '22030');
INSERT INTO ADDRESSES VALUES(39, '4400 University Dr.', 'N/A', 'Fairfax', 'Virginia', '22030');
INSERT INTO ADDRESSES VALUES(40, '3843 Fox St.', 'N/A', 'Middleburg', 'Virginia', '20117');
INSERT INTO ADDRESSES VALUES(41, '3843 Fox St.', 'N/A', 'Middleburg', 'Virginia', '20117');
INSERT INTO ADDRESSES VALUES(42, '3828 Piermont Dr.', 'N/A', 'Albuquerque', 'New Mexico', '87121');
INSERT INTO ADDRESSES VALUES(43, '3828 Piermont Dr.', 'N/A', 'Albuquerque', 'New Mexico', '87121');
INSERT INTO ADDRESSES VALUES(44, '10606 Salisbury Dr.', 'N/A', 'Seven Oaks', 'California', '93301');
INSERT INTO ADDRESSES VALUES(44, '4450 Rivanna River Way', 'PMB2634', 'Fairfax', 'Virginia', '22030');
INSERT INTO ADDRESSES VALUES(45, '10607 Salisbury Dr.', 'N/A', 'Seven Oaks', 'California', '93301');
INSERT INTO ADDRESSES VALUES(46, '4450 Rivanna River Way', 'PMB001', 'Fairfax', 'Virginia', '22030');
INSERT INTO ADDRESSES VALUES(47, '4450 Rivanna River Way', 'PMB3843', 'Fairfax', 'Virginia', '22030');
INSERT INTO ADDRESSES VALUES(48, '4450 Rivanna River Way', 'PMB1343', 'Fairfax', 'Virginia', '22030');
INSERT INTO ADDRESSES VALUES(49, '13854 Voigt Kampff St.', 'Apt 2019', 'Los Angeles', 'California', '90001');
INSERT INTO ADDRESSES VALUES(49, '145 E Harmon Ave.', 'Apt 2049', 'Las Vegas', 'Nevada', '89109');
INSERT INTO ADDRESSES VALUES(50, '673 Interlinked Ln.', 'Apt 2049', 'Los Angeles', 'California', '90001');
--**** END INSERT INTO ADDRESSES ****--

--**** INSERT INTO LOGIN ****--
INSERT INTO LOGIN VALUES(1,'jsmith@gmail.com','4MTsqDeCEF23ZNX9zpunPOAhl');
INSERT INTO LOGIN VALUES(2,'merrysmith@gmail.com','jpxDrso4faAgNnGyRcwW');
INSERT INTO LOGIN VALUES(3,'benjohn@gmail.com','wHlkJ50DMTzjQifVAogeUxF');
INSERT INTO LOGIN VALUES(4,'bellaj@gmail.com','xOqvaBAhuU0l1Gz7');
INSERT INTO LOGIN VALUES(5,'swilliams@gmail.com','SMNVxmFqr0j1JCBZfHtv9');
INSERT INTO LOGIN VALUES(6,'cbrown@gmail.com','tk1V0vAFQwNaJqgSOu9Xzc');
INSERT INTO LOGIN VALUES(7,'bthomas@gmail.com','Xg8ZBERYjtxw5hmGyczWTpK3');
INSERT INTO LOGIN VALUES(8,'realalexjones@gmail.com','wRXyb1PrYE9xkWlmA5Titp7Is');
INSERT INTO LOGIN VALUES(9,'ezmills@gmail.com','KIwoJuHWEga3S9ntMAXQyh');
INSERT INTO LOGIN VALUES(10,'emd@gmail.com','Gf7r6JcDynk30VQuv5OZ');
INSERT INTO LOGIN VALUES(11,'jemd@gmail.com','DLakM36p2gQ7vreKwsS');
INSERT INTO LOGIN VALUES(12,'kayleed@gmail.com','eKDYn1TGRkJV6yqHbc3s8X4t');
INSERT INTO LOGIN VALUES(13,'fernandgarcia@gmail.com','xl9E3Yts67WBJF4MQU');
INSERT INTO LOGIN VALUES(14,'emgarcia@gmail.com','ULYpA3P12G6Iml5q');
INSERT INTO LOGIN VALUES(15,'jrod@gmail.com','SJGWV5g8qDcs7QZYbhn6id');
INSERT INTO LOGIN VALUES(16,'crod@gmail.com','evGAL5s1nk0pMurdJBP2N4f');
INSERT INTO LOGIN VALUES(17,'wilsonowen@gmail.com','ziL8ZfDJYW0I7EhtSkdAl');
INSERT INTO LOGIN VALUES(18,'dmartin@gmail.com','tDNv1ZgobuVY8hP3m2MOHxG');
INSERT INTO LOGIN VALUES(19,'lucky@gmail.com','102Mb3tFdCV9rv65fGn');
INSERT INTO LOGIN VALUES(20,'janders@gmail.com','pg6VSkF8hHvt19UOI0z2Q');
INSERT INTO LOGIN VALUES(21,'abbyanders@gmail.com','lG7AqnmzNZvejgBQxMaC0');
INSERT INTO LOGIN VALUES(22,'beccat@gmail.com','qYn2LR5JzB63jM0D4EHsg');
INSERT INTO LOGIN VALUES(23,'sammyt@gmail.com','uxSVip4Ww2G7AbtQqPhgNe');
INSERT INTO LOGIN VALUES(24,'tommyricky@gmail.com','O1pTk6jJo3WnzhFRZeQBxH0');
INSERT INTO LOGIN VALUES(25,'billt@gmail.com','Kt43uJgQHU7bYPeSn9xrZswN');
INSERT INTO LOGIN VALUES(26,'mdiego@gmail.com','WV3FJyMUkuL1fptQX');
INSERT INTO LOGIN VALUES(27,'hersky@gmail.com','vh0DVWr8bR69uYeLCBiTImfM');
INSERT INTO LOGIN VALUES(28,'amore@gmail.com','IYBxQ5OuNF8njHMTgih');
INSERT INTO LOGIN VALUES(29,'mooreolives@gmail.com','o35RFrTWYOJqcGIjSPiX');
INSERT INTO LOGIN VALUES(30,'matmart@gmail.com','dhH8Dbz3wcgp1XYWu7kBrI5');
INSERT INTO LOGIN VALUES(31,'gmartin@gmail.com','qW1tcZRuEyNeYQChOSk0Mb4i7');
INSERT INTO LOGIN VALUES(32,'jacksonhunter@gmail.com','p1RGygzWBFmaiueZbOE0XQwUr');
INSERT INTO LOGIN VALUES(33,'jacksonmiranda@gmail.com','ahmZ5xe7HRFDgM43BTiXpq');
INSERT INTO LOGIN VALUES(34,'jj@gmail.com','R4St09LrNvdwYZXB5shqjQ8kp');
INSERT INTO LOGIN VALUES(35,'pj@gmail.com','GiFUPadu480KqT6opsIAgHe');
INSERT INTO LOGIN VALUES(36,'willthomps@gmail.com','si7ZxpkTSURAuy6VXaDQ4d');
INSERT INTO LOGIN VALUES(37,'avathomps@gmail.com','ODCU6rR7loZzEwJsH');
INSERT INTO LOGIN VALUES(38,'tsamantha@gmail.com','upm7BzQ9gto482NV');
INSERT INTO LOGIN VALUES(39,'tjames@gmail.com','5ZxSyMloap2bTiYzh');
INSERT INTO LOGIN VALUES(40,'etom@gmail.com','mZq1okwcXWKAPI5LsOj');
INSERT INTO LOGIN VALUES(41,'stethom@gmail.com','EiVS3mlfNpxsdejUt4kOrghP');
INSERT INTO LOGIN VALUES(42,'heisenburg@gmail.com','chxJjSgOyN0mDXMTY1BC');
INSERT INTO LOGIN VALUES(43,'skywhite@gmail.com','m39a7rZQ8vwVL2OkUBXdG');
INSERT INTO LOGIN VALUES(44,'lexidon@gmail.com','GdSI3U8Tceum2otpYKwqMkg');
INSERT INTO LOGIN VALUES(45,'mj@gmail.com','2wPzUtR08oudTAKxgOlSBJ');
INSERT INTO LOGIN VALUES(46,'timle@gmail.com','knj8F4GLuRHoEqriB5');
INSERT INTO LOGIN VALUES(47,'starangel@gmail.com','wa7MXoE4fcNQ8xZzAIu');
INSERT INTO LOGIN VALUES(48,'redalt@gmail.com','6dKCoVjgx8rLD7eP1Y');
INSERT INTO LOGIN VALUES(49,'b23654@gmail.com','toJM2TYCVSNUXW8ubfxFg');
INSERT INTO LOGIN VALUES(50,'kd637@gmail.com','eusEO9VLBzwJgPGYr2');
--**** END INSERT INTO LOGIN ****--

--**** INSERT INTO POINT_ACCOUNTS ****--
INSERT INTO POINT_ACCOUNTS VALUES('6005526962065556587', 313, 1, 30, 1);
INSERT INTO POINT_ACCOUNTS VALUES('5769566594626508258', 210, 1, 30, 2);
INSERT INTO POINT_ACCOUNTS VALUES('2563049248708875694', 384, 2, 30, 3);
INSERT INTO POINT_ACCOUNTS VALUES('6898240468877640725', 11, 2, 30, 4);
INSERT INTO POINT_ACCOUNTS VALUES('3185209818314638548', 305, 3, 30, 5);
INSERT INTO POINT_ACCOUNTS VALUES('9112271931075223589', 138, 4, 30, 6);
INSERT INTO POINT_ACCOUNTS VALUES('6694349290352582465', 292, 4, 30, 7);
INSERT INTO POINT_ACCOUNTS VALUES('0380766891640248527', 176, 5, 30, 8);
INSERT INTO POINT_ACCOUNTS VALUES('1862862779593370973', 239, 6, 30, 9);
INSERT INTO POINT_ACCOUNTS VALUES('9844029868559189850', 197, 7, 30, 10);
INSERT INTO POINT_ACCOUNTS VALUES('5573286348192725800', 343, 7, 30, 11);
INSERT INTO POINT_ACCOUNTS VALUES('8183547343511831110', 64, 7, 30, 12);
INSERT INTO POINT_ACCOUNTS VALUES('1491642723223977642', 403, 8, 30, 13);
INSERT INTO POINT_ACCOUNTS VALUES('7373453565977761039', 150, 8, 30, 14);
INSERT INTO POINT_ACCOUNTS VALUES('3683503074107416842', 124, 9, 30, 15);
INSERT INTO POINT_ACCOUNTS VALUES('2509787437029503812', 327, 9, 30, 16);
INSERT INTO POINT_ACCOUNTS VALUES('6262347251406829238', 407, 10, 30, 17);
INSERT INTO POINT_ACCOUNTS VALUES('3185342397600953898', 166, 11, 30, 18);
INSERT INTO POINT_ACCOUNTS VALUES('2286280194613933729', 495, 11, 30, 19);
INSERT INTO POINT_ACCOUNTS VALUES('0519701317189323495', 330, 12, 30, 20);
INSERT INTO POINT_ACCOUNTS VALUES('4527330832714829941', 227, 12, 30, 21);
INSERT INTO POINT_ACCOUNTS VALUES('9840850940834472453', 341, 13, 30, 22);
INSERT INTO POINT_ACCOUNTS VALUES('0045881822871315397', 60, 13, 30, 23);
INSERT INTO POINT_ACCOUNTS VALUES('4493030871775662119', 382, 13, 30, 24);
INSERT INTO POINT_ACCOUNTS VALUES('4123570090967466685', 57, 14, 30, 25);
INSERT INTO POINT_ACCOUNTS VALUES('1085931567821744403', 437, 15, 30, 26);
INSERT INTO POINT_ACCOUNTS VALUES('7570813654739129113', 479, 15, 30, 27);
INSERT INTO POINT_ACCOUNTS VALUES('4661771939837031237', 469, 16, 30, 28);
INSERT INTO POINT_ACCOUNTS VALUES('4038848377822834517', 304, 16, 30, 29);
INSERT INTO POINT_ACCOUNTS VALUES('8626545576219843047', 96, 17, 30, 30);
INSERT INTO POINT_ACCOUNTS VALUES('3596392257030440199', 436, 17, 30, 31);
INSERT INTO POINT_ACCOUNTS VALUES('4679951198827565780', 183, 18, 30, 32);
INSERT INTO POINT_ACCOUNTS VALUES('7673471340224851260', 126, 18, 30, 33);
INSERT INTO POINT_ACCOUNTS VALUES('9471696749227730602', 335, 18, 30, 34);
INSERT INTO POINT_ACCOUNTS VALUES('3432527844747102470', 283, 18, 30, 35);
INSERT INTO POINT_ACCOUNTS VALUES('2155850734793286025', 203, 19, 30, 36);
INSERT INTO POINT_ACCOUNTS VALUES('1352001949078815625', 284, 19, 30, 37);
INSERT INTO POINT_ACCOUNTS VALUES('4540619536485496332', 1, 19, 30, 38);
INSERT INTO POINT_ACCOUNTS VALUES('1095718997517107392', 299, 19, 30, 39);
INSERT INTO POINT_ACCOUNTS VALUES('4437252132360063071', 125, 19, 30, 40);
INSERT INTO POINT_ACCOUNTS VALUES('2300231342172964861', 344, 19, 30, 41);
INSERT INTO POINT_ACCOUNTS VALUES('9400550467188961647', 410, 20, 30, 42);
INSERT INTO POINT_ACCOUNTS VALUES('2778025453610955888', 140, 20, 30, 43);
INSERT INTO POINT_ACCOUNTS VALUES('5456104887669772577', 116, NULL, 0, 44);
INSERT INTO POINT_ACCOUNTS VALUES('6785474181628618838', 63, NULL, 0, 45);
INSERT INTO POINT_ACCOUNTS VALUES('4370630375269865666', 72, NULL, 0, 46);
INSERT INTO POINT_ACCOUNTS VALUES('2517685228569210350', 342, NULL, 0, 47);
INSERT INTO POINT_ACCOUNTS VALUES('9442732595496329765', 444, NULL, 0, 48);
INSERT INTO POINT_ACCOUNTS VALUES('0011249585541054810', 177, NULL, 0, 49);
INSERT INTO POINT_ACCOUNTS VALUES('9798720907171277284', 414, NULL, 0, 50);
--**** END INSERT INTO POINT_ACCOUNTS ****--

--**** INSERT INTO PRODUCTS ****--
INSERT INTO PRODUCTS VALUES('2458208904483100474', 'Grand Piano', 10000,541);
INSERT INTO PRODUCTS VALUES('2479283509834539872', 'Piano Bench', 90,150);
INSERT INTO PRODUCTS VALUES('8082031071302219161', 'Ibanez 6 Str.', 500,284);
INSERT INTO PRODUCTS VALUES('6283518091785822510', 'Ibanez 7 Str.', 650,724);
INSERT INTO PRODUCTS VALUES('3713347578573472406', 'Distortion Pedal', 120,713);
INSERT INTO PRODUCTS VALUES('1004901314184807774', 'Reverb Pedal', 150,313);
INSERT INTO PRODUCTS VALUES('2270765513845985699', 'Clean Pedal', 130,933);
INSERT INTO PRODUCTS VALUES('2765109427015287743', 'Guitar Cable', 35,296);
INSERT INTO PRODUCTS VALUES('5528436567100297315', 'Saxophone', 445,149);
INSERT INTO PRODUCTS VALUES('9822976441199966861', 'Guitar Picks', 7,864);
INSERT INTO PRODUCTS VALUES('0976510372911625802', 'Replacement Reed', 10,204);
INSERT INTO PRODUCTS VALUES('9707153153388112397', 'Saxophone Strap', 50,450);
INSERT INTO PRODUCTS VALUES('2088172755732955380', 'Music Theory No. 5', 45,982);
INSERT INTO PRODUCTS VALUES('2576919362505320757', 'Music Theory No. 3', 45,312);
INSERT INTO PRODUCTS VALUES('5854044300202840160', 'Pro IEMs', 400,230);
INSERT INTO PRODUCTS VALUES('4853423443035340160', 'Guitar Strings', 30,90);
--**** END INSERT INTO PRODUCTS ****--

--**** INSERT INTO TRANSACTIONS ****--
INSERT INTO TRANSACTIONS VALUES('9091978443287546211',TO_DATE('08-14-2007','MM-DD-YYYY'),'10:40',10587,3183,'Todd','Grand Piano ; Ibanez 6 Str. ; Guitar Cable ; Guitar Picks ; Music Theory No. 5',34,'9471696749227730602');
INSERT INTO TRANSACTIONS VALUES('2647472954889053547',TO_DATE('05-28-2005','MM-DD-YYYY'),'17:43',1137,2426,'Jane','Ibanez 7 Str. ; Guitar Cable ; Guitar Picks ; Music Theory No. 3 ; Pro IEMs',20,'0519701317189323495');
INSERT INTO TRANSACTIONS VALUES('3191865516639194549',TO_DATE('11-8-2016','MM-DD-YYYY'),'16:05',357,3168,'Todd','Distortion Pedal ; Guitar Cable ; Guitar Picks ; Reverb Pedal ; Music Theory No.5',22,'9840850940834472453');
INSERT INTO TRANSACTIONS VALUES('6582409455825923324',TO_DATE('07-20-2014','MM-DD-YYYY'),'9:03',595,2097,'Steven','Saxophone ; Replacement Reed ; Saxophone Strap ; Music Theory No.3 ; Music Theory No.5',33,'7673471340224851260');
INSERT INTO TRANSACTIONS VALUES('7109004308272469077',TO_DATE('10-25-2012','MM-DD-YYYY'),'13:26',127,1766,'Alissa','Replacement Reed ; Guitar Cable ; Guitar Picks ; Guitar Strings ; Music Theory No.3',30,'8626545576219843047');
INSERT INTO TRANSACTIONS VALUES('7949032081601753243',TO_DATE('11-24-2015','MM-DD-YYYY'),'10:54',702,2440,'Steven','Ibanez 6 Str. ; Guitar Cable ; Guitar Strings ; Guitar Picks ; Clean Pedal',35,'3432527844747102470');
INSERT INTO TRANSACTIONS VALUES('9440131180414416035',TO_DATE('08-17-2017','MM-DD-YYYY'),'14:48',1055,1346,'Todd','Saxophone ; Saxophone Strap ; Reverb Pedal ; Replacement Reed ; Pro IEMs',7,'6694349290352582465');
INSERT INTO TRANSACTIONS VALUES('9137305330868211184',TO_DATE('08-11-2009','MM-DD-YYYY'),'7:47',1830,2484,'Jane','Pro IEMs ; Ibanez 6 Str. ; Ibanez 7 Str. ; Clean Pedal ; Reverb Pedal',25,'4123570090967466685');
INSERT INTO TRANSACTIONS VALUES('2546511207070742423',TO_DATE('06-01-2013','MM-DD-YYYY'),'17:59',1020,1023,'Alissa','Ibanez 6 Str. ; Saxophone ; Replacement Reed ; Guitar Strings ; Guitar Cable',37,'1352001949078815625');
INSERT INTO TRANSACTIONS VALUES('7970280292549473967',TO_DATE('09-13-2018','MM-DD-YYYY'),'12:39',632,2738,'Steven','Music Theory No.3 ; Music Theory No.5 ; Ibanez 6 Str. ; Guitar Cable ; Guitar Picks',50,'9798720907171277284');
INSERT INTO TRANSACTIONS VALUES('0834138264728355075',TO_DATE('10-18-2006','MM-DD-YYYY'),'9:58',442,3119,'Alissa','Distortion Pedal ; Clean Pedal ; Reverb Pedal ; Guitar Picks ; Guitar Cable',2,'5769566594626508258');
INSERT INTO TRANSACTIONS VALUES('2082982069053282175',TO_DATE('03-19-2020','MM-DD-YYYY'),'16:08',10580,2215,'Todd','Grand Piano ; Music Theory No.3 ; Music Theory No.5 ; Pro IEMs ; Piano Bench',48,'9442732595496329765');
INSERT INTO TRANSACTIONS VALUES('4205326300798660759',TO_DATE('09-04-2021','MM-DD-YYYY'),'13:16',1420,2350,'Steven','Piano Bench ; Ibanez 7 Str. ; Pro IEMs ; Clean Pedal ; Reverb Pedal',36,'2155850734793286025');
INSERT INTO TRANSACTIONS VALUES('3936012429065179303',TO_DATE('12-22-2013','MM-DD-YYYY'),'7:11',1030,1961,'Jane','Saxophone ; Saxophone Strap ; Pro IEMs ; Piano Bench ; Music Theory No.5',32,'4679951198827565780');
--**** END INSERT INTO TRANSACTIONS ****--

--**** INSERT INTO TRANSACTIONS_PRODUCTS ****--
INSERT INTO TRANSACTIONS_PRODUCTS VALUES ('9091978443287546211','2458208904483100474',1); --Grand piano
INSERT INTO TRANSACTIONS_PRODUCTS VALUES ('2082982069053282175','2458208904483100474',1); --Grand piano
INSERT INTO TRANSACTIONS_PRODUCTS VALUES ('2082982069053282175','2479283509834539872',1); --Bench
INSERT INTO TRANSACTIONS_PRODUCTS VALUES ('4205326300798660759','2479283509834539872',1); --Bench
INSERT INTO TRANSACTIONS_PRODUCTS VALUES ('3936012429065179303','2479283509834539872',1); --Bench
INSERT INTO TRANSACTIONS_PRODUCTS VALUES ('9091978443287546211','8082031071302219161',1); --Ibanez6
INSERT INTO TRANSACTIONS_PRODUCTS VALUES ('7949032081601753243','8082031071302219161',1); --Ibanez6
INSERT INTO TRANSACTIONS_PRODUCTS VALUES ('9137305330868211184','8082031071302219161',1); --Ibanez6
INSERT INTO TRANSACTIONS_PRODUCTS VALUES ('2546511207070742423','8082031071302219161',1); --Ibanez6
INSERT INTO TRANSACTIONS_PRODUCTS VALUES ('7970280292549473967','8082031071302219161',1); --Ibanez6
INSERT INTO TRANSACTIONS_PRODUCTS VALUES ('2647472954889053547','6283518091785822510',1); --Ibanez7
INSERT INTO TRANSACTIONS_PRODUCTS VALUES ('9137305330868211184','6283518091785822510',1); --Ibanez7
INSERT INTO TRANSACTIONS_PRODUCTS VALUES ('4205326300798660759','6283518091785822510',1); --Ibanez7
INSERT INTO TRANSACTIONS_PRODUCTS VALUES ('3191865516639194549','3713347578573472406',1); --Distortion
INSERT INTO TRANSACTIONS_PRODUCTS VALUES ('0834138264728355075','3713347578573472406',1); --Distortion
INSERT INTO TRANSACTIONS_PRODUCTS VALUES ('3191865516639194549','1004901314184807774',1); --Reverb
INSERT INTO TRANSACTIONS_PRODUCTS VALUES ('9440131180414416035','1004901314184807774',1); --Reverb
INSERT INTO TRANSACTIONS_PRODUCTS VALUES ('9137305330868211184','1004901314184807774',1); --Reverb
INSERT INTO TRANSACTIONS_PRODUCTS VALUES ('0834138264728355075','1004901314184807774',1); --Reverb
INSERT INTO TRANSACTIONS_PRODUCTS VALUES ('4205326300798660759','1004901314184807774',1); --Reverb
INSERT INTO TRANSACTIONS_PRODUCTS VALUES ('7949032081601753243','2270765513845985699',1); --Clean
INSERT INTO TRANSACTIONS_PRODUCTS VALUES ('9137305330868211184','2270765513845985699',1); --Clean
INSERT INTO TRANSACTIONS_PRODUCTS VALUES ('0834138264728355075','2270765513845985699',1); --Clean
INSERT INTO TRANSACTIONS_PRODUCTS VALUES ('4205326300798660759','2270765513845985699',1); --Clean
INSERT INTO TRANSACTIONS_PRODUCTS VALUES ('9091978443287546211','2765109427015287743',1); --Cable
INSERT INTO TRANSACTIONS_PRODUCTS VALUES ('2647472954889053547','2765109427015287743',1); --Cable
INSERT INTO TRANSACTIONS_PRODUCTS VALUES ('3191865516639194549','2765109427015287743',1); --Cable
INSERT INTO TRANSACTIONS_PRODUCTS VALUES ('7109004308272469077','2765109427015287743',1); --Cable
INSERT INTO TRANSACTIONS_PRODUCTS VALUES ('7949032081601753243','2765109427015287743',1); --Cable
INSERT INTO TRANSACTIONS_PRODUCTS VALUES ('2546511207070742423','2765109427015287743',1); --Cable
INSERT INTO TRANSACTIONS_PRODUCTS VALUES ('7970280292549473967','2765109427015287743',1); --Cable
INSERT INTO TRANSACTIONS_PRODUCTS VALUES ('0834138264728355075','2765109427015287743',1); --Cable
INSERT INTO TRANSACTIONS_PRODUCTS VALUES ('6582409455825923324','5528436567100297315',1); --Sax
INSERT INTO TRANSACTIONS_PRODUCTS VALUES ('9440131180414416035','5528436567100297315',1); --Sax
INSERT INTO TRANSACTIONS_PRODUCTS VALUES ('2546511207070742423','5528436567100297315',1); --Sax
INSERT INTO TRANSACTIONS_PRODUCTS VALUES ('3936012429065179303','5528436567100297315',1); --Sax
INSERT INTO TRANSACTIONS_PRODUCTS VALUES ('9091978443287546211','9822976441199966861',1); --Picks
INSERT INTO TRANSACTIONS_PRODUCTS VALUES ('2647472954889053547','9822976441199966861',1); --Picks
INSERT INTO TRANSACTIONS_PRODUCTS VALUES ('3191865516639194549','9822976441199966861',1); --Picks
INSERT INTO TRANSACTIONS_PRODUCTS VALUES ('7109004308272469077','9822976441199966861',1); --Picks
INSERT INTO TRANSACTIONS_PRODUCTS VALUES ('7949032081601753243','9822976441199966861',1); --Picks
INSERT INTO TRANSACTIONS_PRODUCTS VALUES ('7970280292549473967','9822976441199966861',1); --Picks
INSERT INTO TRANSACTIONS_PRODUCTS VALUES ('0834138264728355075','9822976441199966861',1); --Picks
INSERT INTO TRANSACTIONS_PRODUCTS VALUES ('6582409455825923324','0976510372911625802',1); --Reed
INSERT INTO TRANSACTIONS_PRODUCTS VALUES ('7109004308272469077','0976510372911625802',1); --Reed
INSERT INTO TRANSACTIONS_PRODUCTS VALUES ('9440131180414416035','0976510372911625802',1); --Reed
INSERT INTO TRANSACTIONS_PRODUCTS VALUES ('2546511207070742423','0976510372911625802',1); --Reed
INSERT INTO TRANSACTIONS_PRODUCTS VALUES ('6582409455825923324','9707153153388112397',1); --Strap
INSERT INTO TRANSACTIONS_PRODUCTS VALUES ('9440131180414416035','9707153153388112397',1); --Strap
INSERT INTO TRANSACTIONS_PRODUCTS VALUES ('3936012429065179303','9707153153388112397',1); --Strap
INSERT INTO TRANSACTIONS_PRODUCTS VALUES ('9091978443287546211','2088172755732955380',1); --No.5
INSERT INTO TRANSACTIONS_PRODUCTS VALUES ('3191865516639194549','2088172755732955380',1); --No.5
INSERT INTO TRANSACTIONS_PRODUCTS VALUES ('6582409455825923324','2088172755732955380',1); --No.5
INSERT INTO TRANSACTIONS_PRODUCTS VALUES ('7970280292549473967','2088172755732955380',1); --No.5
INSERT INTO TRANSACTIONS_PRODUCTS VALUES ('2082982069053282175','2088172755732955380',1); --No.5
INSERT INTO TRANSACTIONS_PRODUCTS VALUES ('3936012429065179303','2088172755732955380',1); --No.5
INSERT INTO TRANSACTIONS_PRODUCTS VALUES ('2647472954889053547','2576919362505320757',1); --No.3
INSERT INTO TRANSACTIONS_PRODUCTS VALUES ('6582409455825923324','2576919362505320757',1); --No.3
INSERT INTO TRANSACTIONS_PRODUCTS VALUES ('7109004308272469077','2576919362505320757',1); --No.3
INSERT INTO TRANSACTIONS_PRODUCTS VALUES ('7970280292549473967','2576919362505320757',1); --No.3
INSERT INTO TRANSACTIONS_PRODUCTS VALUES ('2082982069053282175','2576919362505320757',1); --No.3
INSERT INTO TRANSACTIONS_PRODUCTS VALUES ('2647472954889053547','5854044300202840160',1); --IEM
INSERT INTO TRANSACTIONS_PRODUCTS VALUES ('9440131180414416035','5854044300202840160',1); --IEM
INSERT INTO TRANSACTIONS_PRODUCTS VALUES ('9137305330868211184','5854044300202840160',1); --IEM
INSERT INTO TRANSACTIONS_PRODUCTS VALUES ('2082982069053282175','5854044300202840160',1); --IEM
INSERT INTO TRANSACTIONS_PRODUCTS VALUES ('4205326300798660759','5854044300202840160',1); --IEM
INSERT INTO TRANSACTIONS_PRODUCTS VALUES ('3936012429065179303','5854044300202840160',1); --IEM
INSERT INTO TRANSACTIONS_PRODUCTS VALUES ('7109004308272469077','4853423443035340160',1); --Strings
INSERT INTO TRANSACTIONS_PRODUCTS VALUES ('7949032081601753243','4853423443035340160',1); --Strings
INSERT INTO TRANSACTIONS_PRODUCTS VALUES ('2546511207070742423','4853423443035340160',1); --Strings
--**** END INSERT INTO TRANSACTIONS_PRODUCTS ****--

--**** INSERT INTO CARDS ****--
INSERT INTO CARDS VALUES('6042630603815871764',TO_DATE('5-6-2008','MM-DD-YYYY'),'V',TO_DATE('5-6-2007','MM-DD-YYYY'),1);
INSERT INTO CARDS VALUES('2789887935227036929',TO_DATE('2-28-2002','MM-DD-YYYY'),'V',TO_DATE('2-28-2001','MM-DD-YYYY'),2);
INSERT INTO CARDS VALUES('7083674942565123239',TO_DATE('11-2-2015','MM-DD-YYYY'),'V',TO_DATE('11-2-2014','MM-DD-YYYY'),3);
INSERT INTO CARDS VALUES('7407500709193796422',TO_DATE('10-12-2002','MM-DD-YYYY'),'V',TO_DATE('10-12-2001','MM-DD-YYYY'),4);
INSERT INTO CARDS VALUES('7621160799107388828',TO_DATE('12-21-2001','MM-DD-YYYY'),'V',TO_DATE('12-21-2000','MM-DD-YYYY'),5);
INSERT INTO CARDS VALUES('5359224268640079497',TO_DATE('8-4-2009','MM-DD-YYYY'),'V',TO_DATE('8-4-2008','MM-DD-YYYY'),6);
INSERT INTO CARDS VALUES('2808159705539811653',TO_DATE('12-22-2000','MM-DD-YYYY'),'V',TO_DATE('12-22-1999','MM-DD-YYYY'),7);
INSERT INTO CARDS VALUES('8132930276529494222',TO_DATE('4-7-2018','MM-DD-YYYY'),'V',TO_DATE('4-7-2017','MM-DD-YYYY'),8);
INSERT INTO CARDS VALUES('1421336901127051634',TO_DATE('4-17-2009','MM-DD-YYYY'),'V',TO_DATE('4-17-2008','MM-DD-YYYY'),9);
INSERT INTO CARDS VALUES('7886291102136214634',TO_DATE('11-27-2002','MM-DD-YYYY'),'V',TO_DATE('11-27-2001','MM-DD-YYYY'),10);
INSERT INTO CARDS VALUES('9869561044239935429',TO_DATE('1-16-2012','MM-DD-YYYY'),'V',TO_DATE('1-16-2011','MM-DD-YYYY'),11);
INSERT INTO CARDS VALUES('7323550359319209284',TO_DATE('8-18-2006','MM-DD-YYYY'),'V',TO_DATE('8-18-2005','MM-DD-YYYY'),12);
INSERT INTO CARDS VALUES('3337767893237949333',TO_DATE('9-2-2005','MM-DD-YYYY'),'V',TO_DATE('9-2-2004','MM-DD-YYYY'),13);
INSERT INTO CARDS VALUES('5946751436690475010',TO_DATE('10-13-2007','MM-DD-YYYY'),'V',TO_DATE('10-13-2006','MM-DD-YYYY'),14);
INSERT INTO CARDS VALUES('5780989202323683783',TO_DATE('2-11-2009','MM-DD-YYYY'),'V',TO_DATE('2-11-2008','MM-DD-YYYY'),15);
INSERT INTO CARDS VALUES('1635018267001832146',TO_DATE('8-1-2007','MM-DD-YYYY'),'V',TO_DATE('8-1-2006','MM-DD-YYYY'),16);
INSERT INTO CARDS VALUES('1837725834242724159',TO_DATE('9-11-2004','MM-DD-YYYY'),'V',TO_DATE('9-11-2003','MM-DD-YYYY'),17);
INSERT INTO CARDS VALUES('9149014891117191514',TO_DATE('3-2-2021','MM-DD-YYYY'),'V',TO_DATE('3-2-2020','MM-DD-YYYY'),18);
INSERT INTO CARDS VALUES('2079020183694564023',TO_DATE('1-19-2002','MM-DD-YYYY'),'V',TO_DATE('1-19-2001','MM-DD-YYYY'),19);
INSERT INTO CARDS VALUES('9549285761912248992',TO_DATE('10-24-2011','MM-DD-YYYY'),'V',TO_DATE('10-24-2010','MM-DD-YYYY'),20);
INSERT INTO CARDS VALUES('2461374523150425648',TO_DATE('5-5-2007','MM-DD-YYYY'),'V',TO_DATE('5-5-2006','MM-DD-YYYY'),21);
INSERT INTO CARDS VALUES('7886257201949825499',TO_DATE('12-27-2005','MM-DD-YYYY'),'V',TO_DATE('12-27-2004','MM-DD-YYYY'),22);
INSERT INTO CARDS VALUES('3091568074428290499',TO_DATE('8-9-2010','MM-DD-YYYY'),'V',TO_DATE('8-9-2009','MM-DD-YYYY'),23);
INSERT INTO CARDS VALUES('0314379003012768929',TO_DATE('2-10-2010','MM-DD-YYYY'),'V',TO_DATE('2-10-2009','MM-DD-YYYY'),24);
INSERT INTO CARDS VALUES('0205945941198095656',TO_DATE('1-9-2010','MM-DD-YYYY'),'V',TO_DATE('1-9-2009','MM-DD-YYYY'),25);
INSERT INTO CARDS VALUES('7845720287675831237',TO_DATE('12-25-2021','MM-DD-YYYY'),'V',TO_DATE('12-25-2020','MM-DD-YYYY'),26);
INSERT INTO CARDS VALUES('4287205740888237040',TO_DATE('3-9-2001','MM-DD-YYYY'),'V',TO_DATE('3-9-2000','MM-DD-YYYY'),27);
INSERT INTO CARDS VALUES('6065154794118818591',TO_DATE('11-26-2004','MM-DD-YYYY'),'V',TO_DATE('11-26-2003','MM-DD-YYYY'),28);
INSERT INTO CARDS VALUES('7699465715295072830',TO_DATE('9-25-2007','MM-DD-YYYY'),'V',TO_DATE('9-25-2006','MM-DD-YYYY'),29);
INSERT INTO CARDS VALUES('8829931896527095013',TO_DATE('6-4-2008','MM-DD-YYYY'),'V',TO_DATE('6-4-2007','MM-DD-YYYY'),30);
INSERT INTO CARDS VALUES('5790654277309047722',TO_DATE('3-24-2011','MM-DD-YYYY'),'V',TO_DATE('3-24-2010','MM-DD-YYYY'),31);
INSERT INTO CARDS VALUES('6701688857308347317',TO_DATE('8-8-2018','MM-DD-YYYY'),'V',TO_DATE('8-8-2017','MM-DD-YYYY'),32);
INSERT INTO CARDS VALUES('0834391166351793808',TO_DATE('9-7-2005','MM-DD-YYYY'),'V',TO_DATE('9-7-2004','MM-DD-YYYY'),33);
INSERT INTO CARDS VALUES('6442447314492321235',TO_DATE('10-19-2021','MM-DD-YYYY'),'V',TO_DATE('10-19-2020','MM-DD-YYYY'),34);
INSERT INTO CARDS VALUES('5431896910078771689',TO_DATE('2-8-2007','MM-DD-YYYY'),'V',TO_DATE('2-8-2006','MM-DD-YYYY'),35);
INSERT INTO CARDS VALUES('1145503417169116023',TO_DATE('5-1-2007','MM-DD-YYYY'),'V',TO_DATE('5-1-2006','MM-DD-YYYY'),36);
INSERT INTO CARDS VALUES('2077031048145979718',TO_DATE('8-19-2002','MM-DD-YYYY'),'V',TO_DATE('8-19-2001','MM-DD-YYYY'),37);
INSERT INTO CARDS VALUES('0902251217191861413',TO_DATE('4-20-2021','MM-DD-YYYY'),'V',TO_DATE('4-20-2020','MM-DD-YYYY'),38);
INSERT INTO CARDS VALUES('3382114741792300077',TO_DATE('6-17-2012','MM-DD-YYYY'),'V',TO_DATE('6-17-2011','MM-DD-YYYY'),39);
INSERT INTO CARDS VALUES('3920872325819084062',TO_DATE('12-13-2008','MM-DD-YYYY'),'V',TO_DATE('12-13-2007','MM-DD-YYYY'),40);
INSERT INTO CARDS VALUES('8683506647102508333',TO_DATE('5-17-2005','MM-DD-YYYY'),'V',TO_DATE('5-17-2004','MM-DD-YYYY'),41);
INSERT INTO CARDS VALUES('9779296788298956184',TO_DATE('9-27-2021','MM-DD-YYYY'),'V',TO_DATE('9-27-2020','MM-DD-YYYY'),42);
INSERT INTO CARDS VALUES('5629504726492552506',TO_DATE('5-24-2012','MM-DD-YYYY'),'V',TO_DATE('5-24-2011','MM-DD-YYYY'),43);
INSERT INTO CARDS VALUES('1720705861522705123',TO_DATE('10-20-2003','MM-DD-YYYY'),'V',TO_DATE('10-20-2002','MM-DD-YYYY'),44);
INSERT INTO CARDS VALUES('4288376724120189575',TO_DATE('4-1-2000','MM-DD-YYYY'),'V',TO_DATE('4-1-1999','MM-DD-YYYY'),45);
INSERT INTO CARDS VALUES('5211470131121178340',TO_DATE('7-10-2018','MM-DD-YYYY'),'V',TO_DATE('7-10-2017','MM-DD-YYYY'),46);
INSERT INTO CARDS VALUES('7080043750377781405',TO_DATE('7-17-2014','MM-DD-YYYY'),'V',TO_DATE('7-17-2013','MM-DD-YYYY'),47);
INSERT INTO CARDS VALUES('9775182659240658479',TO_DATE('11-15-2011','MM-DD-YYYY'),'V',TO_DATE('11-15-2010','MM-DD-YYYY'),48);
INSERT INTO CARDS VALUES('2367616099353808189',TO_DATE('9-22-2017','MM-DD-YYYY'),'V',TO_DATE('9-22-2016','MM-DD-YYYY'),49);
INSERT INTO CARDS VALUES('0045864555282993448',TO_DATE('1-4-2014','MM-DD-YYYY'),'V',TO_DATE('1-4-2013','MM-DD-YYYY'),50);
INSERT INTO CARDS VALUES('1123702875886215710',TO_DATE('6-11-2018','MM-DD-YYYY'),'V',TO_DATE('6-11-2017','MM-DD-YYYY'),9);
INSERT INTO CARDS VALUES('0126756367230132893',TO_DATE('4-26-2006','MM-DD-YYYY'),'V',TO_DATE('4-26-2005','MM-DD-YYYY'),31);
INSERT INTO CARDS VALUES('9316552337633739233',TO_DATE('9-11-2005','MM-DD-YYYY'),'V',TO_DATE('9-11-2004','MM-DD-YYYY'),32);
INSERT INTO CARDS VALUES('7876825758244541404',TO_DATE('4-12-2017','MM-DD-YYYY'),'V',TO_DATE('4-12-2016','MM-DD-YYYY'),24);
INSERT INTO CARDS VALUES('1444221190802575690',TO_DATE('2-25-2000','MM-DD-YYYY'),'V',TO_DATE('2-25-1999','MM-DD-YYYY'),25);
INSERT INTO CARDS VALUES('5021272826196914806',TO_DATE('6-9-2005','MM-DD-YYYY'),'V',TO_DATE('6-9-2004','MM-DD-YYYY'),9);
INSERT INTO CARDS VALUES('8315096602447121359',TO_DATE('5-16-2009','MM-DD-YYYY'),'V',TO_DATE('5-16-2008','MM-DD-YYYY'),31);
INSERT INTO CARDS VALUES('1034914158243047921',TO_DATE('4-21-2009','MM-DD-YYYY'),'V',TO_DATE('4-21-2008','MM-DD-YYYY'),49);
INSERT INTO CARDS VALUES('8921489371463874358',TO_DATE('12-28-2019','MM-DD-YYYY'),'V',TO_DATE('12-28-2018','MM-DD-YYYY'),39);
INSERT INTO CARDS VALUES('0191451708806729508',TO_DATE('11-12-2014','MM-DD-YYYY'),'V',TO_DATE('11-12-2013','MM-DD-YYYY'),19);
--**** END INSERT INTO CARDS ****--

--**** INSERT INTO OFFERS ****--
INSERT INTO OFFERS VALUES('00981274','10% Off ',TO_DATE('11-24', 'MM-DD'),'Thanksgiving');
INSERT INTO OFFERS VALUES('91408977','50% Off',TO_DATE('12-25', 'MM-DD'),'Christmas');
INSERT INTO OFFERS VALUES('40966825','5% Off',TO_DATE('05-29', 'MM-DD'),'Memorial Day');
INSERT INTO OFFERS VALUES('39871922','5% Off',TO_DATE('05-14', 'MM-DD'),'Mothers Day');
INSERT INTO OFFERS VALUES('92030701','5% Off',TO_DATE('11-11', 'MM-DD'),'Veterans Day');
INSERT INTO OFFERS VALUES('63844171','15% Off',TO_DATE('09-05', 'MM-DD'),'Labor Day');
INSERT INTO OFFERS VALUES('89534555','5% Off',TO_DATE('06-18', 'MM-DD'),'Fathers Day');
INSERT INTO OFFERS VALUES('76523999','30% Off',TO_DATE('12-31', 'MM-DD'),'New Year Eve');
INSERT INTO OFFERS VALUES('40538425','13% Off',TO_DATE('10-31', 'MM-DD'),'Halloween');
INSERT INTO OFFERS VALUES('15522204','10% Off',TO_DATE('04-09', 'MM-DD'),'Easter');
INSERT INTO OFFERS VALUES('08790782','25% Off',TO_DATE('02-14', 'MM-DD'),'Valentines Day');
INSERT INTO OFFERS VALUES('96358599','75% Off',TO_DATE('11-25', 'MM-DD'),'Black Friday');
--**** END INSERT INTO OFFERS ****--

--**** INSERT INTO BRANCHES ****--
INSERT INTO BRANCHES VALUES('11331795','LoyaltyFirst','07:00','14511 Lee Jackson Memorial Hwy,Chantilly,VA 20151');
INSERT INTO BRANCHES VALUES('22165875','LoyaltyFirst','07:00','11051 Lee Hwy,Fairfax,VA 22030');
INSERT INTO BRANCHES VALUES('07141285','LoyaltyFirst','07:00','9543 Braddock Rd,Fairfax,VA 22030');
INSERT INTO BRANCHES VALUES('29576428','LoyaltyFirst','07:00','5735 Burke Centre Pkwy,Burke,VA 22015');
INSERT INTO BRANCHES VALUES('84268716','LoyaltyFirst','07:00','416 S Washington St.,Falls Church,VA 22046');
INSERT INTO BRANCHES VALUES('83748301','LoyaltyFirst','07:00','2561 John Milton Dr.,Herndon,VA 20171');
INSERT INTO BRANCHES VALUES('07714346','LoyaltyFirst','07:00','4367 Dale Blvd.,Dale City, VA 22193');
INSERT INTO BRANCHES VALUES('83848872','LoyaltyFirst','07:00','9401 Lee Hwy Ste 202,Fairfax,VA 22031');
INSERT INTO BRANCHES VALUES('12607048','LoyaltyFirst','07:00','14215 D,Centerville Square,Centerville,VA 20121');
INSERT INTO BRANCHES VALUES('27657962','LoyaltyFirst','07:00','6272 Arlington Blvd.,Falls Curch,VA 22044');
INSERT INTO BRANCHES VALUES('25774351','LoyaltyFirst','07:00','46077 Lake Center Plaza,Sterling,VA 20165');
INSERT INTO BRANCHES VALUES('75735832','LoyaltyFirst','07:00','261 Garrisonville Rd. Suite #107,Stafford,VA 22554');
--**** END INSERT INTO BRANCHES ****--

--**** INSERT INTO OFFERS_BRANCHES ****--
INSERT INTO OFFERS_BRANCHES VALUES('00981274','11331795');
INSERT INTO OFFERS_BRANCHES VALUES('91408977','11331795');
INSERT INTO OFFERS_BRANCHES VALUES('89534555','11331795');
INSERT INTO OFFERS_BRANCHES VALUES('91408977','22165875');
INSERT INTO OFFERS_BRANCHES VALUES('40966825','22165875');
INSERT INTO OFFERS_BRANCHES VALUES('40966825','07141285');
INSERT INTO OFFERS_BRANCHES VALUES('39871922','29576428');
INSERT INTO OFFERS_BRANCHES VALUES('00981274','29576428');
INSERT INTO OFFERS_BRANCHES VALUES('92030701','84268716');
INSERT INTO OFFERS_BRANCHES VALUES('63844171','84268716');
INSERT INTO OFFERS_BRANCHES VALUES('39871922','84268716');
INSERT INTO OFFERS_BRANCHES VALUES('40538425','84268716');
INSERT INTO OFFERS_BRANCHES VALUES('63844171','83748301');
INSERT INTO OFFERS_BRANCHES VALUES('89534555','07714346');
INSERT INTO OFFERS_BRANCHES VALUES('76523999','07714346');
INSERT INTO OFFERS_BRANCHES VALUES('39871922','07714346');
INSERT INTO OFFERS_BRANCHES VALUES('76523999','83848872');
INSERT INTO OFFERS_BRANCHES VALUES('40538425','12607048');
INSERT INTO OFFERS_BRANCHES VALUES('00981274','12607048');
INSERT INTO OFFERS_BRANCHES VALUES('15522204','27657962');
INSERT INTO OFFERS_BRANCHES VALUES('08790782','25774351');
INSERT INTO OFFERS_BRANCHES VALUES('96358599','75735832');
--**** END OFFERS_BRANCHES ****--

--**** INSERT INTO EXCHGCENTERS ****--
INSERT INTO EXCHGCENTERS VALUES(1, 'Burke LoyaltyExchange', '5765 Burke Center Parkway');
INSERT INTO EXCHGCENTERS VALUES(2, 'Fairfax LoyaltyExchange', '10415 N St. Fairfax');
INSERT INTO EXCHGCENTERS VALUES(3, 'Chantilly LoyaltyExchange', '4368 Chantilly Pl.');
INSERT INTO EXCHGCENTERS VALUES(4, 'Fairlakes LoyaltyExchange', '12500 Fair Lakes Circle');
INSERT INTO EXCHGCENTERS VALUES(5, 'Arlington LoyaltyExchange', '1st St. North');
--**** END INSERT INTO EXCHGCENTERS ****--

--**** INSERT INTO PRIZES ****--
INSERT INTO PRIZES VALUES(1, 7115, 'Trip to Hawaii');
INSERT INTO PRIZES VALUES(2, 1312, 'Free guitar cable with next purchase');
INSERT INTO PRIZES VALUES(3, 12116, 'Vacation in Berlin');
INSERT INTO PRIZES VALUES(4, 12208, 'Free Ibanez 7 Str.');
INSERT INTO PRIZES VALUES(5, 12923, 'Free month music lessons');
INSERT INTO PRIZES VALUES(6, 14171, 'Free maintenance on instrument');
INSERT INTO PRIZES VALUES(7, 881, 'Something really cool');
INSERT INTO PRIZES VALUES(8, 5741, 'Concert tickets for 2');
INSERT INTO PRIZES VALUES(9, 7117, 'Pro recording mic set');
INSERT INTO PRIZES VALUES(10, 5287, '3x free guitar strings');
INSERT INTO PRIZES VALUES(11, 12273, 'A+ in CS 450: Database Concepts');
INSERT INTO PRIZES VALUES(12, 13800, 'Coupon book for instrument accessories');
INSERT INTO PRIZES VALUES(13, 8411, 'Half off bluetooth speakers');
INSERT INTO PRIZES VALUES(14, 3404, 'Free amplifier');
INSERT INTO PRIZES VALUES(15, 10908, 'Free HiFi DAC');
--**** END INSERT INTO PRIZES ****--

--**** INSERT INTO REDEMPTION_HISTORY ****--
INSERT INTO REDEMPTION_HISTORY VALUES(24,13,TO_DATE('8-11-2000', 'MM-DD-YYYY'),8411,'4493030871775662119',5);
INSERT INTO REDEMPTION_HISTORY VALUES(50,11,TO_DATE('9-22-2008', 'MM-DD-YYYY'),12273,'9798720907171277284',4);
INSERT INTO REDEMPTION_HISTORY VALUES(47,7,TO_DATE('6-17-2010', 'MM-DD-YYYY'),881,'2517685228569210350',3);
INSERT INTO REDEMPTION_HISTORY VALUES(10,8,TO_DATE('7-19-2000', 'MM-DD-YYYY'),5741,'9844029868559189850',5);
INSERT INTO REDEMPTION_HISTORY VALUES(6,9,TO_DATE('12-5-2001', 'MM-DD-YYYY'),7117,'9112271931075223589',1);
INSERT INTO REDEMPTION_HISTORY VALUES(26,1,TO_DATE('9-14-2012', 'MM-DD-YYYY'),7115,'1085931567821744403',3);
INSERT INTO REDEMPTION_HISTORY VALUES(43,5,TO_DATE('12-6-2014', 'MM-DD-YYYY'),12923,'2778025453610955888',5);
INSERT INTO REDEMPTION_HISTORY VALUES(29,6,TO_DATE('12-16-2019', 'MM-DD-YYYY'),14171,'4038848377822834517',4);
INSERT INTO REDEMPTION_HISTORY VALUES(49,9,TO_DATE('4-5-2021', 'MM-DD-YYYY'),7117,'0011249585541054810',2);
INSERT INTO REDEMPTION_HISTORY VALUES(18,3,TO_DATE('7-22-2003', 'MM-DD-YYYY'),12116,'3185342397600953898',5);
INSERT INTO REDEMPTION_HISTORY VALUES(38,14,TO_DATE('12-5-2013', 'MM-DD-YYYY'),3404,'4540619536485496332',1);
INSERT INTO REDEMPTION_HISTORY VALUES(41,4,TO_DATE('3-22-2001', 'MM-DD-YYYY'),12208,'2300231342172964861',5);
INSERT INTO REDEMPTION_HISTORY VALUES(32,5,TO_DATE('11-9-2000', 'MM-DD-YYYY'),12923,'4679951198827565780',5);
INSERT INTO REDEMPTION_HISTORY VALUES(8,5,TO_DATE('3-18-2017', 'MM-DD-YYYY'),12923,'0380766891640248527',4);
INSERT INTO REDEMPTION_HISTORY VALUES(24,7,TO_DATE('2-25-2007', 'MM-DD-YYYY'),881,'4493030871775662119',4);
INSERT INTO REDEMPTION_HISTORY VALUES(1,3,TO_DATE('12-17-2016', 'MM-DD-YYYY'),12116,'6005526962065556587',1);
INSERT INTO REDEMPTION_HISTORY VALUES(37,12,TO_DATE('6-1-2000', 'MM-DD-YYYY'),13800,'1352001949078815625',1);
INSERT INTO REDEMPTION_HISTORY VALUES(14,14,TO_DATE('11-14-2006', 'MM-DD-YYYY'),3404,'7373453565977761039',4);
INSERT INTO REDEMPTION_HISTORY VALUES(4,13,TO_DATE('9-2-2019', 'MM-DD-YYYY'),8411,'6898240468877640725',2);
INSERT INTO REDEMPTION_HISTORY VALUES(14,11,TO_DATE('7-4-2014', 'MM-DD-YYYY'),12273,'7373453565977761039',4);
INSERT INTO REDEMPTION_HISTORY VALUES(22,2,TO_DATE('1-24-2001', 'MM-DD-YYYY'),1312,'9840850940834472453',2);
INSERT INTO REDEMPTION_HISTORY VALUES(9,10,TO_DATE('11-26-2019', 'MM-DD-YYYY'),5287,'1862862779593370973',1);
INSERT INTO REDEMPTION_HISTORY VALUES(22,14,TO_DATE('4-26-2008', 'MM-DD-YYYY'),3404,'9840850940834472453',1);
INSERT INTO REDEMPTION_HISTORY VALUES(3,4,TO_DATE('7-12-2012', 'MM-DD-YYYY'),12208,'2563049248708875694',4);
INSERT INTO REDEMPTION_HISTORY VALUES(30,4,TO_DATE('5-25-2000', 'MM-DD-YYYY'),12208,'8626545576219843047',1);
INSERT INTO REDEMPTION_HISTORY VALUES(31,6,TO_DATE('12-3-2001', 'MM-DD-YYYY'),14171,'3596392257030440199',4);
INSERT INTO REDEMPTION_HISTORY VALUES(50,13,TO_DATE('4-21-2001', 'MM-DD-YYYY'),8411,'9798720907171277284',4);
INSERT INTO REDEMPTION_HISTORY VALUES(17,12,TO_DATE('3-22-2010', 'MM-DD-YYYY'),13800,'6262347251406829238',1);
INSERT INTO REDEMPTION_HISTORY VALUES(14,13,TO_DATE('9-18-2011', 'MM-DD-YYYY'),8411,'7373453565977761039',5);
--**** END INSERT INTO REDEMPTION_HISTORY ****--
